ID,Name,Codeforces Handle,AtCoder Handle,VJudge Handle
Shahariar,Shahariar,Machinist99,Machinist,nintynine99
Muhimen,Muhimen,	Muhimen	,TheKingsGaurd,	AlMuhimen
Alif,Alif,alif19,	alif19,	Alif096
Matin, Matin,	Matin005,	Matin005,	Labiba_Matin
Ariful,Ariful,	Ariful101	,Ariful101,	Ariful101
Saif,Saif,Saif_Ahmed008,	Saif_Ahmed,	Sakib008
Tamimul,Tamimul,	Tamim_rizvee, 	Tamim_Rizvee,	Tamim_Rizvee
Rihin,Rihin,	ahmedrihin,	ahmedrihin,	ahmedrihin
Ragib,Ragib,	Ragib100,	Ragib100,	Ragib100
Arafat,Arafat, arafat03,	arafat03,	ah1711493048
Meem,Meem,	meem_358,	me_em,	meem_not_mim
Rashedul,	Rashedul,Rashed_islam,	rashed_9048,	Rashedul_Islam48
Shihab,	Shihab,buchu,	shihabcs,	shihabcs